Structure_ID,H_Coverage,O_Coverage,CE_Predicted_Formation_Energy,DFT_Formation_Energy,Error_Formation_Energy,,
str_1,0,0,-0.01824,0,0.01824,RMSE,0.053419375
str_2,1,1,0.93984,0.988103,0.048263,Max_Error,0.099351
str_3,1,0,-0.14028,-0.060461959,0.079818041,Satndard_Deviation,0.029036625
str_4,0,1,-0.2298,-0.324552747,0.094752747,,
str_32,0,0.333333333,-0.304441,-0.333199581,0.028758581,,
str_39,1,0.333333333,-0.179033,-0.206783082,0.027750082,,
str_42,0.666666667,1,0.512518,0.43385,0.078668,,
str_89,0,0.25,-0.12012,-0.025699215,0.094420785,,
str_93,0.25,0.25,-0.23832,-0.234005596,0.004314404,,
str_109,0.75,0.75,0.28152,0.325099236,0.043579236,,
str_141,0,0.75,-0.447641,-0.392819473,0.054821527,,
str_155,0.75,0.25,-0.347844,-0.385572707,0.037728707,,
str_157,0.5,0.5,-0.208168,-0.134849111,0.073318889,,
str_162,0.25,0.75,-0.523205,-0.507528768,0.015676232,,
str_173,0.2,0,-0.03828,-0.087519,0.049239,,
str_174,0,0.2,-0.289241,-0.272562,0.016679,,
str_178,0.2,0.2,-0.2758,-0.344901,0.069101,,
str_179,0,0.4,-0.58128,-0.504472,0.076808,,
str_184,0.4,0,-0.011759,0.049866239,0.061625239,,
str_197,0.2,0.4,-0.593079,-0.544048,0.049031,,
str_212,0.6,0,-0.133799,-0.13095512,0.00284388,,
str_214,0.4,0.2,-0.288767,-0.297690375,0.008923375,,
str_218,0.8,0,-0.26904,-0.302592,0.033552,,
str_221,0.6,0.2,-0.377118,-0.415084,0.037966,,
str_224,0.8,0.2,-0.372081,-0.420683,0.048602,,
str_228,0.4,0.4,-0.458085,-0.548008,0.089923,,
str_244,0,0.6,-0.45612,-0.400847757,0.055272243,,
str_245,0.2,0.6,-0.697878,-0.617117,0.080761,,
str_271,0.4,0.6,-0.591168,-0.570948,0.02022,,
str_278,0.6,0.6,-0.248564,-0.201625237,0.046938763,,
str_284,1,0.2,-0.407919,-0.398346,0.009573,,
str_285,0.8,0.4,-0.470556,-0.466551,0.004005,,
str_286,1,0.4,0.0582825,0.088153355,0.029870855,,
str_301,0.4,1,-0.416445,-0.403177,0.013268,,
str_412,0,0.8,-0.677439,-0.638039,0.0394,,
str_467,0.6,0.4,-0.322671,-0.273428987,0.049242013,,
str_481,0.2,0.8,-0.752994,-0.821488337,0.068494337,,
str_527,0.166666667,0.166666667,-0.191932,-0.280673,0.088741,,
str_627,0.166666667,0.333333333,-0.52681,-0.46843,0.05838,,
str_1083,0.666666667,0.5,-0.37116,-0.419241,0.048081,,
str_1179,0.166666667,0,-0.0697205,-0.087777,0.0180565,,
str_1182,0.333333333,0,-0.191763,-0.171847,0.019916,,
str_1229,0.5,0,-0.15204,-0.244989,0.092949,,
str_1241,0.666666667,0,-0.435841,-0.509017956,0.073176956,,
str_1275,0.333333333,0.166666667,-0.29955,-0.340485,0.040935,,
str_1406,0.5,0.166666667,-0.393109,-0.406968,0.013859,,
str_1408,0.833333333,0,-0.557881,-0.52924618,0.02863482,,
str_1459,0.5,0.333333333,-0.382028,-0.465333579,0.083305579,,
str_1544,0.666666667,0.166666667,-0.470034,-0.473042,0.003008,,
str_1579,0.333333333,0.5,-0.461153,-0.539941026,0.078788026,,
str_1589,0.166666667,0.666666667,-0.78228,-0.746911121,0.035368879,,
str_1592,0,0.833333333,-0.907236,-0.818357923,0.088878077,,
str_1733,0.833333333,0.166666667,-0.628394,-0.601282561,0.027111439,,
str_1735,0.666666667,0.333333333,-0.462953,-0.546709,0.083756,,
str_1785,0.333333333,0.666666667,-0.816005,-0.742450583,0.073554417,,
str_1787,0.5,0.666666667,-0.436356,-0.482111,0.045755,,
str_1798,0.166666667,0.833333333,-0.982796,-0.955990415,0.026805585,,
str_1850,0,0.166666667,-0.304442,-0.229244,0.075198,,
str_1939,0,0.666666667,-0.576799,-0.551689175,0.025109825,,
str_1972,0.166666667,0.5,-0.314728,-0.364678146,0.049950146,,
str_1982,0.333333333,0.333333333,-0.395352,-0.441852823,0.046500823,,
str_2175,1,0.166666667,-0.54518,-0.582918369,0.037738369,,
str_2188,0.833333333,0.333333333,-0.572108,-0.552114165,0.019993835,,
str_2253,0.142857143,0,-0.0747579,-0.063962,0.0107959,,
str_2254,0,0.142857143,-0.295317,-0.195966,0.099351,,
str_2256,0.285714286,0,-0.0350412,-0.124755,0.0897138,,
str_2258,0.142857143,0.142857143,-0.136931,-0.138844857,0.001913857,,
str_2298,0.285714286,0.142857143,-0.351957,-0.304763,0.047194,,
str_2310,0.142857143,0.285714286,-0.519884,-0.535133354,0.015249354,,
str_2346,0,0.428571429,-0.396117,-0.319192459,0.076924541,,
str_2398,0.428571429,0,-0.128998,-0.181262,0.052264,,
str_2402,0.571428571,0,-0.11568,-0.131835654,0.016155654,,
str_2420,0.428571429,0.142857143,-0.520573,-0.610393326,0.089820326,,
str_2503,0.285714286,0.285714286,-0.449324,-0.465953,0.016629,,
str_2532,0,0.571428571,-0.650719,-0.652994,0.002275,,
str_2536,0.142857143,0.428571429,-0.567134,-0.584789,0.017655,,
str_2704,0.571428571,0.142857143,-0.401756,-0.397972,0.003784,,
str_2716,0.142857143,0.571428571,-0.730317,-0.632519,0.097798,,
str_2718,0.428571429,0.428571429,-0.57792,-0.557319,0.020601,,
str_2751,0.857142857,0,-0.549599,-0.478646819,0.070952181,,
str_2774,0.857142857,0.142857143,-0.545038,-0.486361713,0.058676287,,
str_2986,0.571428571,0.428571429,-0.336837,-0.273812411,0.063024589,,
str_3045,0.857142857,0.428571429,-0.155995,-0.096203427,0.059791573,,
str_3945,0.714285714,0.142857143,-0.610323,-0.586837296,0.023485704,,
str_4506,0.285714286,0.571428571,-0.419912,-0.372940886,0.046971114,,
str_4507,0.142857143,0.714285714,-0.766794,-0.833190477,0.066396477,,
str_4626,0,0.857142857,-1.13704,-1.184555742,0.047515742,,
str_5251,0.428571429,0.571428571,-0.527314,-0.52193,0.005384,,
str_5434,0,0.285714286,-0.538322,-0.600525398,0.062203398,,
str_5860,0.428571429,0.285714286,-0.516831,-0.484701,0.03213,,
str_5890,0.714285714,0,-0.414361,-0.455635991,0.041274991,,
str_5926,0.857142857,0.285714286,-0.674558,-0.644890683,0.029667317,,
str_5955,0.571428571,0.285714286,-0.660513,-0.730393324,0.069880324,,
str_6077,0.285714286,0.428571429,-0.299304,-0.28276261,0.01654139,,
str_6353,0,0.714285714,-0.809638,-0.883707938,0.074069938,,
str_6515,1,0.142857143,-0.688502,-0.642770949,0.045731051,,
str_6525,1,0.285714286,-0.409558,-0.381827,0.027731,,
str_6528,0.714285714,0.285714286,-0.804199,-0.890766415,0.086567415,,
str_6554,0.714285714,0.428571429,-0.878955,-0.864208277,0.014746723,,
str_6624,0.285714286,0.714285714,-0.922837,-0.831532864,0.091304136,,
str_6626,0.428571429,0.714285714,-0.614111,-0.659132883,0.045021883,,
str_6638,0.571428571,0.714285714,-0.305386,-0.349104,0.043718,,
str_11156,0.375,0.75,-0.696989,-0.632866118,0.064122882,,
str_11270,0,0.125,-0.273399,-0.267802405,0.005596595,,
str_11348,0.125,0.125,-0.227161,-0.222303,0.004858,,
str_11504,0.25,0.125,-0.207315,-0.270282,0.062967,,
str_11519,0.125,0.25,-0.35844,-0.375136,0.016696,,
str_12625,0.125,0.375,-0.713405,-0.725059886,0.011654886,,
str_15898,0,0.375,-0.535637,-0.472456,0.063181,,
str_16988,0,0.5,-0.705845,-0.612915,0.09293,,
str_16992,0,0.625,-0.67092,-0.672618,0.001698,,
str_17152,0.375,0.25,-0.42088,-0.450902,0.030022,,
str_17214,0.125,0.5,-0.469998,-0.468642152,0.001355848,,
str_17983,0.25,0.5,-0.679109,-0.596208,0.082901,,
str_18031,0.25,0.375,-0.528432,-0.550991,0.022559,,
str_19654,0.625,0.5,-0.609571,-0.528084,0.081487,,
str_19699,0.75,0.5,-0.265075,-0.298785836,0.033710836,,
str_19954,1,0.125,-0.79836,-0.722778367,0.075581633,,
str_20125,0.125,0,-0.106201,-0.066808,0.039393,,
str_20128,0.25,0,-0.228241,-0.130896,0.097345,,
str_20140,0.375,0,-0.350281,-0.340054288,0.010226712,,
str_20557,0.375,0.125,-0.241197,-0.317861,0.076664,,
str_21110,0.625,0,-0.432599,-0.364354644,0.068244356,,
str_21122,0.75,0,-0.7164,-0.707317122,0.009082878,,
str_21820,0.5,0.125,-0.373237,-0.370498,0.002739,,
str_22010,0.5,0.25,-0.551904,-0.47626,0.075644,,
str_23492,0.625,0.125,-0.466802,-0.416356,0.050446,,
str_23604,0.875,0,-0.83844,-0.793486337,0.044953663,,
str_24025,0.375,0.375,-0.527371,-0.523048,0.004323,,
str_25413,0.75,0.125,-0.750595,-0.77705884,0.02646384,,
str_25757,0.125,0.625,-0.75815,-0.756160511,0.001989489,,
str_25829,0.625,0.25,-0.613632,-0.519924,0.093708,,
str_25830,0.5,0.375,-0.715958,-0.701097881,0.014860119,,
str_25840,0.375,0.5,-0.75397,-0.775721684,0.021751684,,
str_25874,0.25,0.625,-0.865574,-0.933226487,0.067652487,,
str_25993,0,0.875,-1.36684,-1.332258446,0.034581554,,
str_27475,0.875,0.125,-0.908952,-0.844716118,0.064235882,,
str_27530,0.625,0.375,-0.556013,-0.558098,0.002085,,
str_27685,0.375,0.625,-0.731371,-0.747987119,0.016616119,,
str_28014,0.125,0.875,-1.44239,-1.438209038,0.004180962,,
str_31053,0.75,0.375,-0.87456,-0.896716796,0.022156796,,
str_32044,0.875,0.25,-0.81179,-0.729290972,0.082499028,,
str_32063,0.875,0.375,-0.649594,-0.695583585,0.045989585,,
str_32217,1,0.25,-0.590002,-0.666205314,0.076203314,,
str_32396,1,0.375,-0.120756,-0.070605022,0.050150978,,
str_32419,0.5,0.75,-0.538248,-0.463828873,0.074419127,,
